model,split,label,threshold,auroc,average_precision,f1,micro_f1,sensitivity,specificity,balanced_accuracy,brier_score,ece,positive_count
stage14l_structured_mlp,val,macro,,0.579789140883041,0.313896601202105,0.00075046904315197,0.0007165890361877463,0.0003787878787878788,0.9995166163141993,0.49994770209649364,0.17562086481503938,0.01618186185470059,2786
stage14l_structured_mlp,val,NORM,0.5,0.6337581220048775,0.5353001897461848,0.0,,0.0,1.0,0.5,0.23387267595138406,0.020573426683510587,955
stage14l_structured_mlp,val,MI,0.5,0.5808407159441852,0.3124602820645615,0.0,,0.0,1.0,0.5,0.18268334368575764,0.02357658950003581,540
stage14l_structured_mlp,val,STTC,0.5,0.587961182825231,0.3067017606173367,0.00375234521575985,,0.001893939393939394,0.997583081570997,0.4997385104824682,0.1799401358725874,0.0060895955240404314,528
stage14l_structured_mlp,val,CD,0.5,0.5613480779357557,0.27142957615658864,0.0,,0.0,1.0,0.5,0.17382743977233725,0.02124018808105809,495
stage14l_structured_mlp,val,HYP,0.5,0.5350376057051557,0.1435911974258533,0.0,,0.0,1.0,0.5,0.10778072879313055,0.009429509484858024,268
