model,split,label,threshold,auroc,average_precision,f1,micro_f1,sensitivity,specificity,balanced_accuracy,brier_score,ece,positive_count
stage14l_structured_mlp,test,macro,,0.5703637296030353,0.3044559717118323,0.0,0.0,0.0,0.9995229576624926,0.4997614788312463,0.17518395857988087,0.012386389117386258,2792
stage14l_structured_mlp,test,NORM,0.5,0.6226989712479136,0.5241425641144103,0.0,,0.0,1.0,0.5,0.23419274102437346,0.01603134836089728,963
stage14l_structured_mlp,test,MI,0.5,0.5567751544571933,0.29480053601875383,0.0,,0.0,1.0,0.5,0.18543947432547903,0.007279380118716732,550
stage14l_structured_mlp,test,STTC,0.5,0.5725835711105541,0.30409618562353835,0.0,,0.0,0.9976147883124628,0.4988073941562314,0.17761207678448868,0.012324943365673247,521
stage14l_structured_mlp,test,CD,0.5,0.5399648421212235,0.2520836643053767,0.0,,0.0,1.0,0.5,0.17422377691053167,0.020067899931117125,496
stage14l_structured_mlp,test,HYP,0.5,0.5597961090782916,0.14715690849708205,0.0,,0.0,1.0,0.5,0.10445172385453148,0.006228373810526895,262
