model,split,label,threshold,auroc,average_precision,f1,micro_f1,sensitivity,specificity,balanced_accuracy,brier_score,ece,positive_count
stage14l_signal_embedding_mlp,val,macro,,0.9119936725777146,0.776099404616206,0.6940101819372613,0.7569988801791714,0.657997453896102,0.9272687150530764,0.7926330844745891,0.08866146379343842,0.03906782752795974,2786
stage14l_signal_embedding_mlp,val,NORM,0.5,0.9426130259051453,0.9193287659092145,0.8577134298552171,,0.8994764397905759,0.8460912052117264,0.8727838225011512,0.09715078668520438,0.04559213691230255,955
stage14l_signal_embedding_mlp,val,MI,0.5,0.9254153423051781,0.836429829725203,0.7390476190476191,,0.7185185185185186,0.9257455873402313,0.822132052929375,0.09175316301090457,0.03938245475617191,540
stage14l_signal_embedding_mlp,val,STTC,0.5,0.9282706216240958,0.783117228732672,0.6954732510288066,,0.6401515151515151,0.93595166163142,0.7880515883914676,0.0942714544319364,0.04251140403728031,528
stage14l_signal_embedding_mlp,val,CD,0.5,0.9335068696443104,0.8584934440333728,0.7798066595059077,,0.7333333333333333,0.9567535545023697,0.8450434439178515,0.074271250666397,0.0285832032990487,495
stage14l_signal_embedding_mlp,val,HYP,0.5,0.8301625034098438,0.48312775468056784,0.39800995024875624,,0.29850746268656714,0.9718015665796345,0.6351545146331008,0.0858606641727497,0.039269938634995206,268
