model,split,label,threshold,auroc,average_precision,f1,micro_f1,sensitivity,specificity,balanced_accuracy,brier_score,ece,positive_count
stage14l_signal_embedding_mlp,test,macro,,0.9094108605268953,0.7722004486218713,0.6980867420939594,0.7579298831385642,0.660737648725004,0.925061407261658,0.7928995279933309,0.08925300725247727,0.03844533546968455,2792
stage14l_signal_embedding_mlp,test,NORM,0.5,0.9426404496743896,0.9209152560715258,0.8525547445255475,,0.9096573208722741,0.8251012145748988,0.8673792677235865,0.09920809070281689,0.04688919802626182,963
stage14l_signal_embedding_mlp,test,MI,0.5,0.9217050970873788,0.8230338602556578,0.7265774378585086,,0.6909090909090909,0.9296116504854369,0.810260370697264,0.09481762485996237,0.042613274323587656,550
stage14l_signal_embedding_mlp,test,STTC,0.5,0.9282376330093154,0.8075524537311182,0.7361963190184049,,0.690978886756238,0.9421586165772212,0.8165687516667296,0.08805032561105883,0.03187676063789133,521
stage14l_signal_embedding_mlp,test,CD,0.5,0.9172664512338425,0.826189580616683,0.7432286023835319,,0.6915322580645161,0.9506462984723855,0.8210892782684508,0.08230599070881621,0.03490184121975198,496
stage14l_signal_embedding_mlp,test,HYP,0.5,0.8372046716295503,0.483311092434372,0.4318766066838046,,0.32061068702290074,0.9777892561983471,0.6491999716106239,0.08188300437973198,0.03594560314092995,262
