split,label,auroc,average_precision,f1,positive_count
val,macro,0.8783609555331442,0.6800731004527367,0.6671210267375361,2786
test,macro,0.8744547522921897,0.6909732049706188,0.6550168752251417,2792
