split,label,auroc,average_precision,f1,positive_count
val,macro,0.8992365479424915,0.7341759729618257,0.6997508855061767,2786
test,macro,0.8927036901430954,0.7339917510636993,0.6830365323106268,2792
