split,label,n_seeds,auroc_mean,auroc_std,average_precision_mean,average_precision_std,f1_mean,f1_std
test,macro,3,0.9079910660404803,0.003198795633915052,0.7686995512216402,0.004703563331244586,0.6869949901496358,0.015353439595708751
val,macro,3,0.9077590094630601,0.003253588594256707,0.7671810543553272,0.0069304976968669494,0.6909444300412068,0.014107656573552708
