split,label,auroc,average_precision,f1,positive_count
val,macro,0.9114075266819333,0.7740157303282164,0.7029518486214947,2786
test,macro,0.9098145514801864,0.7720569033583059,0.699812139990542,2792
