split,label,auroc,average_precision,f1,positive_count
val,macro,0.8645536252658029,0.6941396333596138,0.5941342108396624,2786
test,macro,0.8611693814120132,0.6866881325774221,0.5878994912301362,2792
