model,split,label,threshold,auroc,average_precision,f1,micro_f1,sensitivity,specificity,balanced_accuracy,brier_score,ece,positive_count
stage14l_fair_concat_mlp,val,macro,,0.9129894258788797,0.7782599040935113,0.6867914842480689,0.7542087542087542,0.6495528656626961,0.9265128696698393,0.7880328676662677,0.08736777963891304,0.03442375503764804,2786
stage14l_fair_concat_mlp,val,NORM,0.5,0.9427955045449119,0.9192496752190726,0.8554514060187469,,0.9078534031413612,0.8330618892508144,0.8704576461960878,0.09625808171167255,0.041410410774155346,955
stage14l_fair_concat_mlp,val,MI,0.5,0.9262719505872277,0.8381838034671912,0.716751269035533,,0.6537037037037037,0.9440048691418138,0.7988542864227588,0.09026906773828194,0.04015600323062177,540
stage14l_fair_concat_mlp,val,STTC,0.5,0.9292742378467455,0.7847824674833203,0.7111553784860558,,0.6761363636363636,0.9280966767371601,0.8021165201867619,0.09276319332799125,0.034194374451205586,528
stage14l_fair_concat_mlp,val,CD,0.5,0.9330311407918042,0.8595711177178536,0.777542372881356,,0.7414141414141414,0.9514218009478673,0.8464179711810044,0.07315160384096649,0.02290505952314236,495
stage14l_fair_concat_mlp,val,HYP,0.5,0.8335742956237091,0.48951245658011905,0.37305699481865284,,0.26865671641791045,0.9759791122715404,0.6223179143447255,0.08439695157565302,0.03345292720911511,268
