model,split,label,threshold,auroc,average_precision,f1,micro_f1,sensitivity,specificity,balanced_accuracy,brier_score,ece,positive_count
stage14l_fair_concat_mlp,test,macro,,0.9096655689447324,0.7730997819573394,0.6938211645939891,0.7547239718414227,0.6578204825473203,0.9230861527945716,0.7904533176709461,0.0889064408748347,0.03513960185978228,2792
stage14l_fair_concat_mlp,test,NORM,0.5,0.9427396672846747,0.9193694340931106,0.8509406657018813,,0.9158878504672897,0.8153846153846154,0.8656362329259526,0.09996175014241421,0.04786592847877413,963
stage14l_fair_concat_mlp,test,MI,0.5,0.922319064430715,0.8216050577998403,0.7052845528455285,,0.6309090909090909,0.9472087378640777,0.7890589143865843,0.09475742558434197,0.04426492649858064,550
stage14l_fair_concat_mlp,test,STTC,0.5,0.9294794538735082,0.8084928266709718,0.7369458128078817,,0.7178502879078695,0.9284436493738819,0.8231469686408757,0.08751043143389142,0.025325730566998272,521
stage14l_fair_concat_mlp,test,CD,0.5,0.9166244171941926,0.8265700603249013,0.7491995731056563,,0.7076612903225806,0.9471210340775558,0.8273911622000683,0.08109213224730824,0.0258202570187895,496
stage14l_fair_concat_mlp,test,HYP,0.5,0.8371652419405715,0.48946153089787303,0.4267352185089974,,0.31679389312977096,0.9772727272727273,0.6470333102012491,0.0812104649662176,0.03242116673576886,262
